metric_key,metric_year,metric_id,title,description,metric_group,unit,value_type,severity_direction,palette_name,reverse_palette,legend_decimals,display_format,sort_order,min_value,max_value,p01,p05,p25,p50,p75,p95,p99,breaks_json,non_missing_count,missing_count
2022_E_OZONE,2022,E_OZONE,Ozone,"Annual mean number of days above the regulatory standard for Ozone (O3), averaged over 3-years",pollution,value,value,higher_is_worse,Purples,0,2,{:.2f},1,0.0,2.031999999999999,0.0,0.0,0.0,0.03,0.34,2.031999999999999,14.570800000000132,"[0.0, 0.0, 0.03, 0.34, 2.031999999999999]",693,0
2022_E_PM,2022,E_PM,PM2.5 (Fine Particulate Matter),"Annual mean number of days above the regulatory standard for Particulate Matter 2.5 (PM2.5), averaged over 3-years",pollution,value,value,higher_is_worse,Purples,0,2,{:.2f},2,4.492,9.848,3.9504,4.492,5.6,6.77,8.61,9.848,10.4208,"[4.492, 5.6, 6.77, 8.61, 9.847999999999999]",693,0
2022_EP_BPHIGH,2022,EP_BPHIGH,Blood Pressure,Percentage of individuals with raw high blood pressures values,health,percent,percentage,higher_is_worse,Reds,0,1,{:.1f}%,3,29.0,42.04,23.728,29.0,32.5,35.0,37.7,42.04,45.408,"[29.0, 32.5, 35.0, 37.7, 42.04]",693,0
2024_E_MINRTY,2024,E_MINRTY,Minority Status,Percentage of persons who identify as a minority,sociodemographic,percent,percentage,higher_is_worse,Blues,0,1,{:.1f}%,1,5.9,64.41999999999997,4.584,5.9,9.7,18.4,33.9,64.41999999999997,85.73600000000017,"[5.9, 9.7, 18.4, 33.9, 64.41999999999997]",693,0
2024_E_POV200,2024,E_POV200,Poverty,Percentage of persons with income below 200% of the federal poverty level,sociodemographic,percent,percentage,higher_is_worse,Blues,0,1,{:.1f}%,2,19.32478,47.70082,15.609296,19.32478,26.3553,31.7137,38.0183,47.70082,58.90126400000003,"[19.32478, 26.3553, 31.7137, 38.0183, 47.70082]",692,1
2024_E_NOHSDP,2024,E_NOHSDP,No High School Diploma,Percentage of persons with no high school diploma (age 25+),sociodemographic,percent,percentage,higher_is_worse,Blues,0,1,{:.1f}%,3,4.9,20.74,3.692,4.9,7.3,9.9,14.2,20.74,31.48800000000025,"[4.9, 7.3, 9.9, 14.2, 20.74]",693,0
2024_E_UNEMP,2024,E_UNEMP,Unemployment,Percentage of persons who are unemployed,sociodemographic,percent,percentage,higher_is_worse,Blues,0,1,{:.1f}%,4,1.9,9.139999999999995,0.992,1.9,3.4,4.6,5.9,9.139999999999995,14.888000000000046,"[1.9, 3.4, 4.6, 5.9, 9.139999999999997]",693,0
2024_E_RENTER,2024,E_RENTER,Renters,Percentage of housing units that are renter occupied,sociodemographic,percent,percentage,higher_is_worse,Blues,0,1,{:.1f}%,5,13.26,32.11999999999999,10.676,13.26,17.6,20.1,24.2,32.11999999999999,47.34400000000008,"[13.26, 17.6, 20.1, 24.2, 32.11999999999999]",692,1
2024_E_HOUBDN,2024,E_HOUBDN,Housing Cost Burden,"Percentage of households that make less than 75,000 who are considered burdened by housing costs",sociodemographic,percent,percentage,higher_is_worse,Blues,0,1,{:.1f}%,6,13.63786,25.82804,10.866876,13.63786,16.9147,18.9058,21.6246,25.82804,29.605120000000007,"[13.63786, 16.9147, 18.9058, 21.6246, 25.828039999999998]",692,1
2024_E_UNINSUR,2024,E_UNINSUR,Lack of Health Insurance,Percentage of persons who are uninsured,sociodemographic,percent,percentage,higher_is_worse,Blues,0,1,{:.1f}%,7,4.46,18.639999999999997,3.192,4.46,6.7,9.2,12.2,18.639999999999997,26.18000000000004,"[4.46, 6.7, 9.2, 12.2, 18.639999999999997]",692,1
2024_E_NOINT,2024,E_NOINT,Lack of Internet Access,Percentage of persons without internet,sociodemographic,percent,percentage,higher_is_worse,Blues,0,1,{:.1f}%,8,8.6,30.0,5.976,8.6,14.0,17.3,21.2,30.0,42.524000000000015,"[8.6, 14.0, 17.3, 21.2, 30.0]",692,1
2024_E_AGE65,2024,E_AGE65,Age 65 and Older,Persons aged 65 and older,sociodemographic,value,value,higher_is_worse,Blues,0,2,{:.2f},9,14.5,31.639999999999997,10.492,14.5,18.9,21.3,24.5,31.639999999999997,36.75600000000003,"[14.5, 18.9, 21.3, 24.5, 31.639999999999997]",693,0
2024_E_AGE17,2024,E_AGE17,Age 17 and Younger,Persons aged 17 and younger,sociodemographic,value,value,higher_is_worse,Blues,0,2,{:.2f},10,14.76,26.9,10.372,14.76,18.3,21.2,22.9,26.9,30.124000000000013,"[14.76, 18.3, 21.2, 22.9, 26.9]",693,0
2024_E_DISABL,2024,E_DISABL,Civilian with a Disability,Percentage of civilian noninstitutionalized persons with a disability,sociodemographic,percent,percentage,higher_is_worse,Blues,0,1,{:.1f}%,11,10.1,23.0,8.192,10.1,13.2,16.0,18.8,23.0,26.33200000000002,"[10.1, 13.2, 16.0, 18.8, 23.0]",692,1
2024_E_LIMENG,2024,E_LIMENG,English Language Proficiency,"Percentage of persons (age 5+) who speak English ""less than well""",sociodemographic,percent,percentage,higher_is_worse,Blues,0,1,{:.1f}%,12,0.1,7.2,0.0,0.1,0.4,0.8,1.8,7.2,17.37600000000009,"[0.1, 0.4, 0.8, 1.8, 7.2]",693,0
2024_E_GROUPQ,2024,E_GROUPQ,Group Quarters,Percentage of persons living in group quarters,sociodemographic,percent,percentage,higher_is_worse,Blues,0,1,{:.1f}%,13,0.6,9.939999999999998,0.292,0.6,1.3,2.0,3.5,9.939999999999998,25.128000000000064,"[0.6, 1.3, 2.0, 3.5, 9.939999999999998]",693,0
2024_E_MOBILE,2024,E_MOBILE,Mobile Homes,Percentage of housing units designated as mobile homes,sociodemographic,percent,percentage,higher_is_worse,Blues,0,1,{:.1f}%,14,3.4,35.219999999999985,1.892,3.4,9.1,15.2,22.5,35.219999999999985,46.2,"[3.4, 9.1, 15.2, 22.5, 35.219999999999985]",692,1
2024_E_DSLPM,2024,E_DSLPM,Diesel Particulate Matter,Ambient concentrations of diesel particulate matter,pollution,concentration,concentration,higher_is_worse,Purples,0,2,{:.2f},15,0.02,0.17,0.01,0.02,0.03,0.06,0.1,0.17,0.23,"[0.02, 0.03, 0.06, 0.1, 0.17]",693,0
2024_E_TOTCR,2024,E_TOTCR,Air Toxics Cancer Risk,"Likelihood of developing cancer from air toxics over the course of a lifetime, assuming continuous exposure",pollution,risk,risk,higher_is_worse,Purples,0,2,{:.2f},16,10.0,30.272,9.1472,10.0,10.26,19.51,21.08,30.272,33.81840000000002,"[10.0, 10.26, 19.51, 21.08, 30.272]",693,0
2024_E_TRI,2024,E_TRI,Potentially Hazardous and Toxic Sites,Proportion of area that is within a 1-mi buffer of an EPA Toxic Release Inventory Site,built_environment,percent,percentage,higher_is_worse,Greens,0,1,{:.1f}%,17,0.04,11.594,0.0,0.04,0.32,1.47,4.2,11.594,23.23160000000001,"[0.04, 0.32, 1.47, 4.2, 11.594]",693,0
2024_E_PARK,2024,E_PARK,Lack of Recreational Parks,Proportion of area that is within a 1-mi buffer of a park or greenspace,built_environment,percent,percentage,lower_is_worse,Greens,0,1,{:.1f}%,18,4.742,96.378,1.51,4.742,19.99,40.85,75.62,96.378,99.242,"[4.742, 19.99, 40.85, 75.62, 96.378]",693,0
2024_E_HOUAGE,2024,E_HOUAGE,Houses Built Pre-1980,Percentage of houses built before 1980 (potential exposure to lead),built_environment,percent,percentage,higher_is_worse,Greens,0,1,{:.1f}%,19,25.11,72.066,14.5008,25.11,38.55,47.36,58.0,72.066,78.01040000000002,"[25.11, 38.55, 47.36, 58.0, 72.066]",692,1
2024_E_WLKIND,2024,E_WLKIND,Lack of Walkability,National Walkability Index (NWI) rank,built_environment,rank,index,unspecified,Greens,0,0,{:.0f},20,4.06,7.064,3.4436,4.06,4.72,5.27,5.82,7.064,8.688800000000025,"[4.06, 4.72, 5.27, 5.82, 7.064]",693,0
2024_E_ROAD,2024,E_ROAD,High Volume Roads,Proportion of area that is within a 1-mi buffer of a high volume road,built_environment,percent,percentage,higher_is_worse,Greens,0,1,{:.1f}%,21,2.532,31.975999999999996,0.4851999999999999,2.532,5.63,10.1,16.52,31.975999999999996,53.00240000000001,"[2.532, 5.63, 10.1, 16.52, 31.975999999999996]",693,0
2024_E_RAIL,2024,E_RAIL,Railways,Proportion of area within a 1-mi buffer of a railway,built_environment,percent,percentage,higher_is_worse,Greens,0,1,{:.1f}%,22,0.214,21.164,0.0,0.214,3.7,7.28,12.7,21.164,30.285600000000095,"[0.21400000000000008, 3.7, 7.28, 12.7, 21.163999999999998]",693,0
2024_E_AIRPRT,2024,E_AIRPRT,Airports,Proportion of the census tract that is within a 1-mi buffer of an airport,built_environment,percent,percentage,higher_is_worse,Greens,0,1,{:.1f}%,23,0.206,4.093999999999999,0.0684,0.206,0.55,0.94,1.6,4.093999999999999,11.657600000000018,"[0.20600000000000002, 0.55, 0.94, 1.6, 4.093999999999999]",693,0
2024_E_IMPWTR,2024,E_IMPWTR,Impaired Surface Water,Percentage of area that intersects an impaired or impacted watershed at the HUC-12 level,built_environment,percent,percentage,higher_is_worse,Greens,0,1,{:.1f}%,24,0.01,0.71,0.0,0.01,0.08,0.18,0.32,0.71,0.9408000000000004,"[0.01, 0.08, 0.18, 0.32, 0.71]",693,0
2024_E_NEHD,2024,E_NEHD,Extreme Heat Days,Number of extreme heat days where maximum temperature exceeds 95th percentile of area,climate,days,count,higher_is_worse,Oranges,0,0,{:.0f},25,4.30446,22.021199999999997,1.479436,4.30446,10.8337,14.6772,17.155,22.021199999999997,24.29675600000001,"[4.30446, 10.8337, 14.6772, 17.155, 22.021199999999997]",693,0
2024_E_SMOKE,2024,E_SMOKE,Wildfire Smoke,Average annualized frequency of smoky days from wildfire smoke,climate,annualized_frequency,frequency,higher_is_worse,Oranges,0,2,{:.2f},26,4.4564,31.38462,2.170288,4.4564,7.939,14.5256,23.577,31.38462,38.95574800000007,"[4.4564, 7.939, 14.5256, 23.577, 31.384619999999998]",693,0
2024_E_BURN,2024,E_BURN,Wildfire Proximity,Average annualized burned area from wildfires,climate,burned_area,amount,higher_is_worse,Oranges,0,2,{:.2f},27,0.0,1.1717199999999997,0.0,0.0,0.0,0.0229,0.2052,1.1717199999999997,2.865468000000002,"[0.0, 0.0, 0.0229, 0.2052, 1.1717199999999997]",693,0
2024_E_CFLD,2024,E_CFLD,Coastal Flooding Frequency,Average annualized frequency of coastal flooding events,climate,annualized_frequency,frequency,higher_is_worse,Oranges,0,2,{:.2f},28,0.0,2.032839999999999,0.0,0.0,0.0,0.0,0.0,2.032839999999999,3.768616000000004,"[0.0, 0.0, 0.0, 0.0, 2.032839999999999]",693,0
2024_E_DRGT,2024,E_DRGT,Drought Frequency,Average annualized frequency of drought events,climate,annualized_frequency,frequency,higher_is_worse,Oranges,0,2,{:.2f},29,0.00428,91.80164,0.0,0.00428,7.0257,24.462,61.7559,91.80164,109.05508000000007,"[0.004280000000000005, 7.0257, 24.462, 61.7559, 91.80163999999999]",693,0
2024_E_RFLD,2024,E_RFLD,Riverine Flooding Frequency,Average annualized frequency of riverine flooding events,climate,annualized_frequency,frequency,higher_is_worse,Oranges,0,2,{:.2f},30,0.23756,3.4595199999999995,0.069616,0.23756,0.5956,1.092,1.8222,3.4595199999999995,7.220112000000031,"[0.23756, 0.5956, 1.092, 1.8222, 3.4595199999999995]",693,0
2024_E_HRCN,2024,E_HRCN,Hurricane Frequency,Average annualized frequency of hurricane events,climate,annualized_frequency,frequency,higher_is_worse,Oranges,0,2,{:.2f},31,0.0,0.2736399999999999,0.0,0.0,0.0,0.0061,0.026,0.2736399999999999,0.4403360000000001,"[0.0, 0.0, 0.0061, 0.026, 0.27363999999999994]",693,0
2024_E_SWND,2024,E_SWND,Strong Winds Frequency,Average annualized frequency of strong wind events,climate,annualized_frequency,frequency,higher_is_worse,Oranges,0,2,{:.2f},32,0.0413,5.7761,0.011392,0.0413,0.2581,1.1456,2.8239,5.7761,6.741492000000008,"[0.0413, 0.2581, 1.1456, 2.8239, 5.7761]",693,0
2024_E_TRND,2024,E_TRND,Tornado Frequency,Average annualized frequency of tornado events,climate,annualized_frequency,frequency,higher_is_worse,Oranges,0,2,{:.2f},33,0.00244,0.5015,0.0,0.00244,0.0206,0.0621,0.1812,0.5015,0.9108120000000004,"[0.0024400000000000003, 0.0206, 0.0621, 0.1812, 0.5015]",693,0
2024_E_ASTHMA,2024,E_ASTHMA,Asthma,Percentage of individuals with asthma,health,percent,percentage,higher_is_worse,Reds,0,1,{:.1f}%,34,9.4,12.4,7.392,9.4,10.3,10.8,11.4,12.4,14.008000000000004,"[9.4, 10.3, 10.8, 11.4, 12.4]",692,1
2024_E_CANCER,2024,E_CANCER,Cancer,Percentage of individuals with cancer,health,percent,percentage,higher_is_worse,Reds,0,1,{:.1f}%,35,7.2,11.8,5.492,7.2,8.9,9.7,10.6,11.8,12.908000000000005,"[7.2, 8.9, 9.7, 10.6, 11.8]",692,1
2024_E_CHD,2024,E_CHD,Coronary Heart Disease,Percentage of individuals with coronary heart disease,health,percent,percentage,higher_is_worse,Reds,0,1,{:.1f}%,36,6.8,11.1,5.292,6.8,8.1,8.7,9.6,11.1,11.8,"[6.8, 8.1, 8.7, 9.6, 11.1]",692,1
2024_E_DIABETES,2024,E_DIABETES,Diabetes,Percentage of individuals with diabetes,health,percent,percentage,higher_is_worse,Reds,0,1,{:.1f}%,37,10.3,17.8,8.952,10.3,11.9,13.2,15.0,17.8,20.108000000000004,"[10.3, 11.9, 13.2, 15.0, 17.8]",692,1
