"concept_id_1","concept_id_2","relationship_id"
702783,43528698,"Has Module"
702788,43528698,"Has Module"
760975,43529712,"Has Module"
761078,43529712,"Has Module"
761094,43528698,"Has Module"
761986,43529712,"Has Module"
762055,43529712,"Has Module"
762058,43529712,"Has Module"
762163,43528698,"Has Module"
762362,43528698,"Has Module"
762366,43528698,"Has Module"
762409,43528698,"Has Module"
762632,43529712,"Has Module"
763396,43529712,"Has Module"
764545,43528698,"Has Module"
764549,43528698,"Has Module"
764552,43528698,"Has Module"
764759,43528698,"Has Module"
765030,43529712,"Has Module"
765136,43529712,"Has Module"
765559,43529712,"Has Module"
765838,43529712,"Has Module"
903058,1585855,"Has Module"
903062,1585855,"Has Module"
903063,1585855,"Has Module"
903064,1585855,"Has Module"
903065,1585710,"Has Module"
1384388,43529712,"Has Module"
1384390,43529712,"Has Module"
1384393,43529712,"Has Module"
1384394,43529712,"Has Module"
1384398,43529712,"Has Module"
1384399,43529712,"Has Module"
1384401,43529712,"Has Module"
1384403,1586134,"Has Module"
1384403,43528895,"Has Module"
1384409,43529712,"Has Module"
1384410,43529712,"Has Module"
1384416,43529712,"Has Module"
1384418,43529712,"Has Module"
1384420,43529712,"Has Module"
1384423,43529712,"Has Module"
1384424,43529712,"Has Module"
1384425,43529712,"Has Module"
1384426,43529712,"Has Module"
1384430,43529712,"Has Module"
1384431,43529712,"Has Module"
1384432,43529712,"Has Module"
1384433,43529712,"Has Module"
1384434,43529712,"Has Module"
1384437,43529712,"Has Module"
1384438,43529712,"Has Module"
1384442,43529712,"Has Module"
1384447,43529712,"Has Module"
1384448,43529712,"Has Module"
1384451,43529712,"Has Module"
1384456,43529712,"Has Module"
1384459,43529712,"Has Module"
1384460,43529712,"Has Module"
1384462,43529712,"Has Module"
1384463,43529712,"Has Module"
1384465,43529712,"Has Module"
1384466,43529712,"Has Module"
1384468,43529712,"Has Module"
1384470,43529712,"Has Module"
1384473,43529712,"Has Module"
1384474,43529712,"Has Module"
1384476,43529712,"Has Module"
1384478,43529712,"Has Module"
1384479,43529712,"Has Module"
1384480,43529712,"Has Module"
1384482,43529712,"Has Module"
1384483,43529712,"Has Module"
1384485,43529712,"Has Module"
1384486,43529712,"Has Module"
1384487,43529712,"Has Module"
1384489,43529712,"Has Module"
1384490,43529712,"Has Module"
1384492,43529712,"Has Module"
1384493,43529712,"Has Module"
1384494,43529712,"Has Module"
1384495,43529712,"Has Module"
1384500,43529712,"Has Module"
1384501,43529712,"Has Module"
1384502,43529712,"Has Module"
1384505,43529712,"Has Module"
1384506,43529712,"Has Module"
1384507,43529712,"Has Module"
1384508,43529712,"Has Module"
1384509,43529712,"Has Module"
1384511,43529712,"Has Module"
1384513,43529712,"Has Module"
1384514,43529712,"Has Module"
1384517,43529712,"Has Module"
1384518,43529712,"Has Module"
1384522,43529712,"Has Module"
1384525,43529712,"Has Module"
1384526,43529712,"Has Module"
1384528,43529712,"Has Module"
1384529,43529712,"Has Module"
1384530,43529712,"Has Module"
1384532,43529712,"Has Module"
1384535,43529712,"Has Module"
1384536,43529712,"Has Module"
1384537,43529712,"Has Module"
1384538,43529712,"Has Module"
1384539,43529712,"Has Module"
1384540,43529712,"Has Module"
1384541,43529712,"Has Module"
1384542,43529712,"Has Module"
1384543,43529712,"Has Module"
1384551,43529712,"Has Module"
1384552,43529712,"Has Module"
1384553,43529712,"Has Module"
1384554,43529712,"Has Module"
1384556,43529712,"Has Module"
1384560,43529712,"Has Module"
1384562,43529712,"Has Module"
1384566,43529712,"Has Module"
1384569,43529712,"Has Module"
1384570,43529712,"Has Module"
1384571,43529712,"Has Module"
1384572,43529712,"Has Module"
1384573,43529712,"Has Module"
1384574,43529712,"Has Module"
1384576,43529712,"Has Module"
1384580,43529712,"Has Module"
1384584,43529712,"Has Module"
1384587,43529712,"Has Module"
1384589,43529712,"Has Module"
1384592,43529712,"Has Module"
1384593,43529712,"Has Module"
1384596,43529712,"Has Module"
1384597,43529712,"Has Module"
1384601,43529712,"Has Module"
1384602,43529712,"Has Module"
1384605,43529712,"Has Module"
1384606,43529712,"Has Module"
1384608,43529712,"Has Module"
1384609,43529712,"Has Module"
1384611,43529712,"Has Module"
1384612,43529712,"Has Module"
1384617,43529712,"Has Module"
1384619,43529712,"Has Module"
1384620,43529712,"Has Module"
1384621,43529712,"Has Module"
1384624,43529712,"Has Module"
1384625,43529712,"Has Module"
1384626,43529712,"Has Module"
1384627,43529712,"Has Module"
1384628,43529712,"Has Module"
1384630,43529712,"Has Module"
1384633,43529712,"Has Module"
1384635,43529712,"Has Module"
1384636,43529712,"Has Module"
1384637,43529712,"Has Module"
1384641,43529712,"Has Module"
1384642,43529712,"Has Module"
1384645,43529712,"Has Module"
1384647,43529712,"Has Module"
1384649,43529712,"Has Module"
1384651,43529712,"Has Module"
1384652,43529712,"Has Module"
1384654,43529712,"Has Module"
1384655,43529712,"Has Module"
1384660,43529712,"Has Module"
1384661,43529712,"Has Module"
1384662,43529712,"Has Module"
1384663,43529712,"Has Module"
1384664,43529712,"Has Module"
1384667,43529712,"Has Module"
1384668,43529712,"Has Module"
1384670,43529712,"Has Module"
1384671,43529712,"Has Module"
1384672,43529712,"Has Module"
1585320,1586134,"Has Module"
1585331,1586134,"Has Module"
1585344,1586134,"Has Module"
1585348,1586134,"Has Module"
1585356,1586134,"Has Module"
1585357,1586134,"Has Module"
1585367,1586134,"Has Module"
1585370,1586134,"Has Module"
1585375,1586134,"Has Module"
1585386,1586134,"Has Module"
1585389,1586134,"Has Module"
1585389,43528895,"Has Module"
1585402,1586134,"Has Module"
1585599,1586134,"Has Module"
1585604,1586134,"Has Module"
1585615,1586134,"Has Module"
1585628,1586134,"Has Module"
1585636,1585855,"Has Module"
1585647,1585855,"Has Module"
1585650,1585855,"Has Module"
1585656,1585855,"Has Module"
1585662,1585855,"Has Module"
1585668,1585855,"Has Module"
1585674,1585855,"Has Module"
1585680,1585855,"Has Module"
1585686,1585855,"Has Module"
1585692,1585855,"Has Module"
1585698,1585855,"Has Module"
1585704,1585855,"Has Module"
1585711,1585710,"Has Module"
1585717,1585710,"Has Module"
1585723,1585710,"Has Module"
1585729,1585710,"Has Module"
1585735,1585710,"Has Module"
1585741,1585710,"Has Module"
1585747,1585710,"Has Module"
1585748,1585710,"Has Module"
1585754,1585710,"Has Module"
1585760,1585710,"Has Module"
1585766,1585710,"Has Module"
1585772,1585710,"Has Module"
1585778,1585710,"Has Module"
1585784,1585710,"Has Module"
1585789,1585710,"Has Module"
1585791,1585710,"Has Module"
1585795,1585710,"Has Module"
1585796,1585710,"Has Module"
1585802,1585710,"Has Module"
1585803,1585710,"Has Module"
1585806,1585710,"Has Module"
1585811,1585710,"Has Module"
1585815,1585710,"Has Module"
1585819,1585710,"Has Module"
1585820,1585710,"Has Module"
1585835,1586134,"Has Module"
1585838,1586134,"Has Module"
1585845,1586134,"Has Module"
1585850,1586134,"Has Module"
1585852,1586134,"Has Module"
1585857,1585855,"Has Module"
1585860,1585855,"Has Module"
1585865,1585855,"Has Module"
1585866,1585855,"Has Module"
1585867,1585855,"Has Module"
1585870,1585855,"Has Module"
1585871,1585855,"Has Module"
1585872,1585855,"Has Module"
1585878,1586134,"Has Module"
1585879,1586134,"Has Module"
1585886,1586134,"Has Module"
1585889,1586134,"Has Module"
1585890,1586134,"Has Module"
1585892,1586134,"Has Module"
1585899,1586134,"Has Module"
1585907,1586134,"Has Module"
1585908,1586134,"Has Module"
1585909,1586134,"Has Module"
1585910,1586134,"Has Module"
1585911,1586134,"Has Module"
1585912,1586134,"Has Module"
1585913,1586134,"Has Module"
1585914,1586134,"Has Module"
1585915,1586134,"Has Module"
1585916,1586134,"Has Module"
1585917,1586134,"Has Module"
1585923,1586134,"Has Module"
1585924,1586134,"Has Module"
1585925,1586134,"Has Module"
1585926,1586134,"Has Module"
1585927,1586134,"Has Module"
1585928,1586134,"Has Module"
1585929,1586134,"Has Module"
1585930,1586134,"Has Module"
1585931,1586134,"Has Module"
1585932,1586134,"Has Module"
1585933,1586134,"Has Module"
1585939,1586134,"Has Module"
1585940,1586134,"Has Module"
1585950,1586134,"Has Module"
1585952,1586134,"Has Module"
1585961,1586134,"Has Module"
1585962,1586134,"Has Module"
1585963,1586134,"Has Module"
1585964,1586134,"Has Module"
1585965,1586134,"Has Module"
1585966,1586134,"Has Module"
1585967,1586134,"Has Module"
1586135,1586134,"Has Module"
1586137,1586134,"Has Module"
1586138,1586134,"Has Module"
1586139,1586134,"Has Module"
1586140,1586134,"Has Module"
1586149,1586134,"Has Module"
1586150,1586134,"Has Module"
1586151,1586134,"Has Module"
1586152,1586134,"Has Module"
1586153,1586134,"Has Module"
1586154,1586134,"Has Module"
1586155,1586134,"Has Module"
1586156,1586134,"Has Module"
1586157,1585855,"Has Module"
1586158,1585855,"Has Module"
1586160,1585855,"Has Module"
1586161,1585855,"Has Module"
1586163,1585855,"Has Module"
1586164,1585855,"Has Module"
1586166,1585855,"Has Module"
1586169,1585855,"Has Module"
1586174,1585855,"Has Module"
1586177,1585855,"Has Module"
1586182,1585855,"Has Module"
1586185,1585855,"Has Module"
1586190,1585855,"Has Module"
1586193,1585855,"Has Module"
1586198,1585855,"Has Module"
1586201,1585855,"Has Module"
1586207,1585855,"Has Module"
1586213,1585855,"Has Module"
3046344,1586134,"Has Module"
3051581,1586134,"Has Module"
3051968,1586134,"Has Module"
4047566,43528698,"Has Module"
4050793,43528698,"Has Module"
4050797,43528698,"Has Module"
4050799,43528698,"Has Module"
4050800,43528698,"Has Module"
4050803,43528698,"Has Module"
4050806,43528698,"Has Module"
4050807,43528698,"Has Module"
4050811,43528698,"Has Module"
4050813,43528698,"Has Module"
4050816,43528698,"Has Module"
4050821,43528698,"Has Module"
4050929,43528698,"Has Module"
4050930,43528698,"Has Module"
4050934,43528698,"Has Module"
4051104,43528698,"Has Module"
4051106,43528698,"Has Module"
4051110,43528698,"Has Module"
4051114,43528698,"Has Module"
4051119,43528698,"Has Module"
4051235,43528698,"Has Module"
4051237,43528698,"Has Module"
4051240,43528698,"Has Module"
4051241,43528698,"Has Module"
4051245,43528698,"Has Module"
4051255,43528698,"Has Module"
4051256,43528698,"Has Module"
4051267,43528698,"Has Module"
4051558,43528698,"Has Module"
4051559,43528698,"Has Module"
4051564,43528698,"Has Module"
4051568,43528698,"Has Module"
4051576,43528698,"Has Module"
4051702,43528698,"Has Module"
4052804,43528698,"Has Module"
4053372,43528698,"Has Module"
4053375,43528698,"Has Module"
4053377,43528698,"Has Module"
4053378,43528698,"Has Module"
4053380,43528698,"Has Module"
4053383,43528698,"Has Module"
4053384,43528698,"Has Module"
4053387,43528698,"Has Module"
4058267,43529712,"Has Module"
4058268,43529712,"Has Module"
4058274,43529712,"Has Module"
4058275,43529712,"Has Module"
4058278,43529712,"Has Module"
4058280,43529712,"Has Module"
4058281,43529712,"Has Module"
4058284,43529712,"Has Module"
4058286,43529712,"Has Module"
4058288,43529712,"Has Module"
4058289,43529712,"Has Module"
4058291,43529712,"Has Module"
4058293,43529712,"Has Module"
4058297,43529712,"Has Module"
4058298,43529712,"Has Module"
4058299,43529712,"Has Module"
4058405,43529712,"Has Module"
4058408,43529712,"Has Module"
4058429,1585710,"Has Module"
4058430,1585710,"Has Module"
4058562,43529712,"Has Module"
4058705,43529712,"Has Module"
4058706,43529712,"Has Module"
4058708,43529712,"Has Module"
4058709,43529712,"Has Module"
4058711,43529712,"Has Module"
4058714,43529712,"Has Module"
4058715,43529712,"Has Module"
4058717,43529712,"Has Module"
4058719,43529712,"Has Module"
4058720,43529712,"Has Module"
4058725,43529712,"Has Module"
4058727,43529712,"Has Module"
4058728,43529712,"Has Module"
4058729,43529712,"Has Module"
4058730,43529712,"Has Module"
4058736,43529712,"Has Module"
4058852,43529712,"Has Module"
4058858,1585710,"Has Module"
4058861,1585710,"Has Module"
4058885,43529712,"Has Module"
4059182,43529712,"Has Module"
4059183,43529712,"Has Module"
4059185,43529712,"Has Module"
4059190,43529712,"Has Module"
4059192,43529712,"Has Module"
4059193,43529712,"Has Module"
4059197,43529712,"Has Module"
4059314,43529712,"Has Module"
4059315,43529712,"Has Module"
4059317,43529712,"Has Module"
4059320,43529712,"Has Module"
4059321,43529712,"Has Module"
4059322,43529712,"Has Module"
4059325,43529712,"Has Module"
4059326,43529712,"Has Module"
4059328,43529712,"Has Module"
4059329,43529712,"Has Module"
4059331,43529712,"Has Module"
4059333,43529712,"Has Module"
4059338,43529712,"Has Module"
4059343,43529712,"Has Module"
4059356,1585710,"Has Module"
4059464,1585710,"Has Module"
4059465,1585710,"Has Module"
4059484,43529712,"Has Module"
4059796,43529712,"Has Module"
4059797,43529712,"Has Module"
4059799,43529712,"Has Module"
4059802,43529712,"Has Module"
4059803,43529712,"Has Module"
4059805,43529712,"Has Module"
4059907,43529712,"Has Module"
4059908,43529712,"Has Module"
4059910,43529712,"Has Module"
4059911,43529712,"Has Module"
4059913,43529712,"Has Module"
4059935,43529712,"Has Module"
4060064,43529712,"Has Module"
4060066,43529712,"Has Module"
4060067,43529712,"Has Module"
4060084,43529712,"Has Module"
4060088,1585710,"Has Module"
4060091,43529712,"Has Module"
4060188,43529712,"Has Module"
4060189,43529712,"Has Module"
4060195,43529712,"Has Module"
4060203,43529712,"Has Module"
4076796,43529712,"Has Module"
4077060,43529712,"Has Module"
4077068,43529712,"Has Module"
4077220,43529712,"Has Module"
4077222,43529712,"Has Module"
4077223,43529712,"Has Module"
4077224,43529712,"Has Module"
4077225,43529712,"Has Module"
4077226,43529712,"Has Module"
4077228,43529712,"Has Module"
4077351,43529712,"Has Module"
4077352,43529712,"Has Module"
4077353,43529712,"Has Module"
4077354,43529712,"Has Module"
4077355,43529712,"Has Module"
4077982,43529712,"Has Module"
4077984,43529712,"Has Module"
4078106,43529712,"Has Module"
4078107,43529712,"Has Module"
4078300,43529712,"Has Module"
4083519,43528698,"Has Module"
4105261,43528698,"Has Module"
4114014,43528698,"Has Module"
4116981,43528698,"Has Module"
4124794,43528698,"Has Module"
4129498,43529712,"Has Module"
4134749,43529712,"Has Module"
4136458,43528698,"Has Module"
4141052,43529712,"Has Module"
4141776,43528698,"Has Module"
4141780,43528698,"Has Module"
4143049,43529712,"Has Module"
4143050,43529712,"Has Module"
4143052,43529712,"Has Module"
4143053,43529712,"Has Module"
4143056,43529712,"Has Module"
4143274,43529712,"Has Module"
4144262,43528698,"Has Module"
4144266,43528698,"Has Module"
4144289,43529712,"Has Module"
4144290,43529712,"Has Module"
4144291,43529712,"Has Module"
4144292,43529712,"Has Module"
4145794,43528698,"Has Module"
4145796,43528698,"Has Module"
4147177,43529712,"Has Module"
4147178,43529712,"Has Module"
4147180,43529712,"Has Module"
4148403,43528698,"Has Module"
4148404,43528698,"Has Module"
4148406,43528698,"Has Module"
4148407,43528698,"Has Module"
4148410,43528698,"Has Module"
4148412,43528698,"Has Module"
4149298,43528698,"Has Module"
4150392,43529712,"Has Module"
4152363,43529712,"Has Module"
4152408,43529712,"Has Module"
4155607,43529712,"Has Module"
4156043,43529712,"Has Module"
4160225,43529712,"Has Module"
4160230,43529712,"Has Module"
4160695,43528698,"Has Module"
4163874,43529712,"Has Module"
4166439,43528698,"Has Module"
4166443,43528698,"Has Module"
4169009,43528698,"Has Module"
4169010,43528698,"Has Module"
4169828,43528698,"Has Module"
4170573,43529712,"Has Module"
4171594,43528698,"Has Module"
4173496,43528698,"Has Module"
4173498,43528698,"Has Module"
4173502,43528698,"Has Module"
4175587,43528698,"Has Module"
4175646,43529712,"Has Module"
4175836,43529712,"Has Module"
4175851,43529712,"Has Module"
4175993,43529712,"Has Module"
4175994,43528698,"Has Module"
4176765,43528698,"Has Module"
4177063,43529712,"Has Module"
4177213,43529712,"Has Module"
4177215,43529712,"Has Module"
4177681,43529712,"Has Module"
4177700,43529712,"Has Module"
4178537,43528698,"Has Module"
4178540,43528698,"Has Module"
4178769,43529712,"Has Module"
4178782,43529712,"Has Module"
4179069,43529712,"Has Module"
4179214,43528698,"Has Module"
4179221,43529712,"Has Module"
4179232,43528698,"Has Module"
4179235,43528698,"Has Module"
4179237,43529712,"Has Module"
4179242,43529712,"Has Module"
4179370,43529712,"Has Module"
4179814,43529712,"Has Module"
4179963,43528698,"Has Module"
4180113,43529712,"Has Module"
4180595,43528698,"Has Module"
4180749,43529712,"Has Module"
4181164,43529712,"Has Module"
4181612,43529712,"Has Module"
4182335,43528698,"Has Module"
4182566,43529712,"Has Module"
4185909,43529712,"Has Module"
4187205,43529712,"Has Module"
4190633,43529712,"Has Module"
4190634,43529712,"Has Module"
4192270,43529712,"Has Module"
4193155,43529712,"Has Module"
4193573,43529712,"Has Module"
4194288,43529712,"Has Module"
4195970,43528698,"Has Module"
4195979,43529712,"Has Module"
4197467,43529712,"Has Module"
4197468,43529712,"Has Module"
4197758,43529712,"Has Module"
4198772,43528698,"Has Module"
4199851,43528698,"Has Module"
4208970,43529712,"Has Module"
4209112,43528698,"Has Module"
4212564,43529712,"Has Module"
4213085,43528698,"Has Module"
4214956,43529712,"Has Module"
4215667,43528698,"Has Module"
4215695,43528698,"Has Module"
4216132,43529712,"Has Module"
4216175,43528698,"Has Module"
4232398,43528698,"Has Module"
4232914,43529712,"Has Module"
4235947,43529712,"Has Module"
4236282,43528698,"Has Module"
4250120,43529712,"Has Module"
4292070,43529712,"Has Module"
4294884,43528698,"Has Module"
4295015,43528698,"Has Module"
4307028,43528698,"Has Module"
4307182,43529712,"Has Module"
4308506,43529712,"Has Module"
4322730,43529712,"Has Module"
4323045,43529712,"Has Module"
4323077,43529712,"Has Module"
4323345,43529712,"Has Module"
4323762,43528698,"Has Module"
4323775,43528698,"Has Module"
4324181,43529712,"Has Module"
4324190,43529712,"Has Module"
4324191,43529712,"Has Module"
4324202,43528698,"Has Module"
4324321,43529712,"Has Module"
4324464,43528698,"Has Module"
4324467,43528698,"Has Module"
4325190,43528698,"Has Module"
4325372,43528698,"Has Module"
4325700,43528698,"Has Module"
4325851,43529712,"Has Module"
4325868,43529712,"Has Module"
4326002,43528698,"Has Module"
4326023,43529712,"Has Module"
4326025,43528698,"Has Module"
4326027,43528698,"Has Module"
4326336,43528698,"Has Module"
4326672,43528698,"Has Module"
4326678,43528698,"Has Module"
4326679,43528698,"Has Module"
4326681,43528698,"Has Module"
4327107,43529712,"Has Module"
4327415,43528698,"Has Module"
4327585,43528698,"Has Module"
4327586,43528698,"Has Module"
4327723,43528698,"Has Module"
4327885,43529712,"Has Module"
4328583,43528698,"Has Module"
4328801,43528698,"Has Module"
4329256,43529712,"Has Module"
4329788,43528698,"Has Module"
4329789,43528698,"Has Module"
4329790,43528698,"Has Module"
4330220,43528698,"Has Module"
4331069,43528698,"Has Module"
4331070,43528698,"Has Module"
4331077,43529712,"Has Module"
4332372,43528698,"Has Module"
4332641,43528698,"Has Module"
4333345,43529712,"Has Module"
4333596,43528698,"Has Module"
4333615,43528698,"Has Module"
4334197,43528698,"Has Module"
4334198,43528698,"Has Module"
4334339,43528698,"Has Module"
4334340,43528698,"Has Module"
4334466,43528698,"Has Module"
4334494,43528698,"Has Module"
4335251,43529712,"Has Module"
4352878,43529712,"Has Module"
36687219,43529712,"Has Module"
36712856,43529712,"Has Module"
36713088,43529712,"Has Module"
36713465,43529712,"Has Module"
36717022,43529712,"Has Module"
36717284,43529712,"Has Module"
37016102,43529712,"Has Module"
37016105,43529712,"Has Module"
37016142,43529712,"Has Module"
37016223,43529712,"Has Module"
37016265,43529712,"Has Module"
37017385,43529712,"Has Module"
37018675,43529712,"Has Module"
37108679,43529712,"Has Module"
37108893,43529712,"Has Module"
37109028,43529712,"Has Module"
37109030,43529712,"Has Module"
37109036,43529712,"Has Module"
37109076,43529712,"Has Module"
37110752,43528698,"Has Module"
37117072,43528698,"Has Module"
37119239,43528698,"Has Module"
37395582,43529712,"Has Module"
40479205,43529712,"Has Module"
40479206,43529712,"Has Module"
40481767,43529712,"Has Module"
40483126,43529712,"Has Module"
40483697,43528698,"Has Module"
40483717,43529712,"Has Module"
40764338,1585710,"Has Module"
40764339,1585710,"Has Module"
40764340,1585710,"Has Module"
40764341,1585710,"Has Module"
40764342,1585710,"Has Module"
40764343,1585710,"Has Module"
40764344,1585710,"Has Module"
40764345,1585710,"Has Module"
40764346,1585710,"Has Module"
40764347,1585710,"Has Module"
40766219,1586134,"Has Module"
40766229,1586134,"Has Module"
40766240,1586134,"Has Module"
40766241,1586134,"Has Module"
40766306,1585855,"Has Module"
40766307,1585855,"Has Module"
40766333,1585855,"Has Module"
40766357,1585855,"Has Module"
40766643,1585855,"Has Module"
40766645,1585855,"Has Module"
40766929,1585855,"Has Module"
40766930,1585855,"Has Module"
40767339,1585710,"Has Module"
40767407,1585710,"Has Module"
40769140,1586134,"Has Module"
40770349,1585855,"Has Module"
40771032,1585710,"Has Module"
40771091,1586134,"Has Module"
40771092,1586134,"Has Module"
40771103,1585855,"Has Module"
40771104,1585855,"Has Module"
42535021,43529712,"Has Module"
42535500,43528698,"Has Module"
42536906,43529712,"Has Module"
42536976,43529712,"Has Module"
42538114,43529712,"Has Module"
42539240,43529712,"Has Module"
42539646,43529712,"Has Module"
43021164,43529712,"Has Module"
43021169,43529712,"Has Module"
43021172,43529712,"Has Module"
43021266,43529712,"Has Module"
43021268,43529712,"Has Module"
43021269,43529712,"Has Module"
43021272,43529712,"Has Module"
43021273,43529712,"Has Module"
43021367,43529712,"Has Module"
43021369,43529712,"Has Module"
43021371,43529712,"Has Module"
43021373,43529712,"Has Module"
43021794,43529712,"Has Module"
43021962,43529712,"Has Module"
43021964,43529712,"Has Module"
43021968,43529712,"Has Module"
43528428,1586134,"Has Module"
43528428,43528895,"Has Module"
43528486,43528698,"Has Module"
43528487,43528698,"Has Module"
43528489,43528698,"Has Module"
43528490,43528698,"Has Module"
43528509,43528698,"Has Module"
43528510,43528698,"Has Module"
43528511,43528698,"Has Module"
43528512,43528698,"Has Module"
43528513,43528698,"Has Module"
43528514,43528698,"Has Module"
43528558,43528698,"Has Module"
43528559,43528698,"Has Module"
43528560,43528698,"Has Module"
43528561,43528698,"Has Module"
43528562,43528698,"Has Module"
43528628,43528698,"Has Module"
43528629,43528698,"Has Module"
43528630,43528698,"Has Module"
43528631,43528698,"Has Module"
43528633,43528698,"Has Module"
43528649,43528698,"Has Module"
43528650,43528698,"Has Module"
43528651,43528698,"Has Module"
43528652,43528698,"Has Module"
43528660,43528895,"Has Module"
43528661,43528895,"Has Module"
43528662,43528895,"Has Module"
43528663,43528895,"Has Module"
43528664,43528895,"Has Module"
43528665,43528895,"Has Module"
43528666,43528895,"Has Module"
43528674,43528698,"Has Module"
43528675,43528698,"Has Module"
43528676,43528698,"Has Module"
43528677,43528698,"Has Module"
43528718,43528895,"Has Module"
43528757,43529712,"Has Module"
43528758,43529712,"Has Module"
43528759,43529712,"Has Module"
43528760,43529712,"Has Module"
43528762,43528698,"Has Module"
43528763,43528698,"Has Module"
43528764,43528698,"Has Module"
43528765,43528698,"Has Module"
43528766,43529712,"Has Module"
43528767,43529712,"Has Module"
43528768,43529712,"Has Module"
43528769,43529712,"Has Module"
43528770,43529712,"Has Module"
43528771,43529712,"Has Module"
43528772,43529712,"Has Module"
43528773,43529712,"Has Module"
43528774,43529712,"Has Module"
43528775,43529712,"Has Module"
43528776,43529712,"Has Module"
43528777,43529712,"Has Module"
43528778,43529712,"Has Module"
43528779,43529712,"Has Module"
43528780,43529712,"Has Module"
43528781,43529712,"Has Module"
43528782,43529712,"Has Module"
43528783,43529712,"Has Module"
43528784,43529712,"Has Module"
43528785,43529712,"Has Module"
43528786,43529712,"Has Module"
43528787,43529712,"Has Module"
43528788,43529712,"Has Module"
43528789,43529712,"Has Module"
43528790,43529712,"Has Module"
43528791,43529712,"Has Module"
43528792,43529712,"Has Module"
43528793,43529712,"Has Module"
43528795,43529712,"Has Module"
43528796,43529712,"Has Module"
43528797,43529712,"Has Module"
43528798,43529712,"Has Module"
43528799,43529712,"Has Module"
43528800,43529712,"Has Module"
43528801,43529712,"Has Module"
43528802,43529712,"Has Module"
43528804,43529712,"Has Module"
43528805,43529712,"Has Module"
43528806,43529712,"Has Module"
43528807,43529712,"Has Module"
43528808,43529712,"Has Module"
43528809,43529712,"Has Module"
43528810,43529712,"Has Module"
43528811,43529712,"Has Module"
43528812,43529712,"Has Module"
43528813,43529712,"Has Module"
43528814,43529712,"Has Module"
43528815,43529712,"Has Module"
43528816,43529712,"Has Module"
43528817,43529712,"Has Module"
43528819,43529712,"Has Module"
43528820,43529712,"Has Module"
43528821,43529712,"Has Module"
43528822,43529712,"Has Module"
43528823,43529712,"Has Module"
43528824,43529712,"Has Module"
43528825,43529712,"Has Module"
43528826,43529712,"Has Module"
43528827,43529712,"Has Module"
43528828,43529712,"Has Module"
43528829,43529712,"Has Module"
43528830,43529712,"Has Module"
43528831,43529712,"Has Module"
43528832,43529712,"Has Module"
43528833,43529712,"Has Module"
43528834,43529712,"Has Module"
43528835,43529712,"Has Module"
43528836,43529712,"Has Module"
43528837,43529712,"Has Module"
43528838,43529712,"Has Module"
43528839,43529712,"Has Module"
43528841,43529712,"Has Module"
43528842,43529712,"Has Module"
43528843,43529712,"Has Module"
43528844,43529712,"Has Module"
43528845,43529712,"Has Module"
43528846,43529712,"Has Module"
43528847,43529712,"Has Module"
43528848,43529712,"Has Module"
43528850,43529712,"Has Module"
43528851,43529712,"Has Module"
43528852,43529712,"Has Module"
43528853,43529712,"Has Module"
43528854,43529712,"Has Module"
43528855,43529712,"Has Module"
43528856,43529712,"Has Module"
43528857,43529712,"Has Module"
43528858,43529712,"Has Module"
43528859,43529712,"Has Module"
43528860,43529712,"Has Module"
43528862,43529712,"Has Module"
43528863,43529712,"Has Module"
43528864,43529712,"Has Module"
43528865,43529712,"Has Module"
43528866,43529712,"Has Module"
43528867,43529712,"Has Module"
43528868,43529712,"Has Module"
43528869,43529712,"Has Module"
43528870,43529712,"Has Module"
43528871,43529712,"Has Module"
43528872,43529712,"Has Module"
43528873,43529712,"Has Module"
43528875,43529712,"Has Module"
43528877,43529712,"Has Module"
43528878,43529712,"Has Module"
43528879,43529712,"Has Module"
43528880,43529712,"Has Module"
43528881,43529712,"Has Module"
43528882,43529712,"Has Module"
43528883,43529712,"Has Module"
43528917,43528698,"Has Module"
43528944,43528698,"Has Module"
43529097,43528698,"Has Module"
43529098,43528698,"Has Module"
43529099,43528698,"Has Module"
43529100,43528698,"Has Module"
43529102,43528698,"Has Module"
43529152,43528698,"Has Module"
43529153,43528698,"Has Module"
43529154,43528698,"Has Module"
43529155,43528698,"Has Module"
43529156,43528698,"Has Module"
43529157,43528698,"Has Module"
43529191,43528698,"Has Module"
43529213,43528698,"Has Module"
43529214,43528698,"Has Module"
43529215,43528698,"Has Module"
43529216,43528698,"Has Module"
43529218,43528698,"Has Module"
43529268,43528698,"Has Module"
43529269,43528698,"Has Module"
43529270,43528698,"Has Module"
43529271,43528698,"Has Module"
43529632,43528698,"Has Module"
43529633,43528698,"Has Module"
43529634,43528698,"Has Module"
43529635,43528698,"Has Module"
43529636,43528698,"Has Module"
43529637,43528698,"Has Module"
43529639,43528698,"Has Module"
43529640,43528698,"Has Module"
43529641,43528698,"Has Module"
43529642,43528698,"Has Module"
43529643,43528698,"Has Module"
43529644,43528698,"Has Module"
43529654,1586134,"Has Module"
43529654,43528895,"Has Module"
43529655,43528698,"Has Module"
43529656,43528698,"Has Module"
43529657,43528698,"Has Module"
43529658,43528698,"Has Module"
43529659,43528698,"Has Module"
43529660,43528698,"Has Module"
43529729,1586134,"Has Module"
43529730,1586134,"Has Module"
43529731,1586134,"Has Module"
43529762,43528698,"Has Module"
43529763,43528698,"Has Module"
43529764,43528698,"Has Module"
43529765,43528698,"Has Module"
43529766,43528698,"Has Module"
43529811,43528698,"Has Module"
43529812,43528698,"Has Module"
43529813,43528698,"Has Module"
43529814,43528698,"Has Module"
43529899,43528895,"Has Module"
43529901,43528895,"Has Module"
43529902,43528895,"Has Module"
43529903,43528895,"Has Module"
43529904,43528895,"Has Module"
43529905,43528895,"Has Module"
43529906,43528895,"Has Module"
43529960,43528698,"Has Module"
43529961,43528698,"Has Module"
43529962,43528698,"Has Module"
43529963,43528698,"Has Module"
43529964,43528698,"Has Module"
43529965,43528698,"Has Module"
43529973,43528895,"Has Module"
43529974,43528895,"Has Module"
43529975,43528895,"Has Module"
43529976,43528895,"Has Module"
43529977,43528895,"Has Module"
43529978,43528895,"Has Module"
43530268,43528895,"Has Module"
43530282,43529712,"Has Module"
43530283,43529712,"Has Module"
43530284,43529712,"Has Module"
43530285,43529712,"Has Module"
43530286,43529712,"Has Module"
43530287,43529712,"Has Module"
43530288,43529712,"Has Module"
43530289,43529712,"Has Module"
43530290,43529712,"Has Module"
43530291,43529712,"Has Module"
43530292,43529712,"Has Module"
43530293,43529712,"Has Module"
43530294,43529712,"Has Module"
43530295,43529712,"Has Module"
43530296,43529712,"Has Module"
43530297,43529712,"Has Module"
43530298,43529712,"Has Module"
43530299,43529712,"Has Module"
43530300,43529712,"Has Module"
43530301,43529712,"Has Module"
43530302,43529712,"Has Module"
43530303,43529712,"Has Module"
43530304,43529712,"Has Module"
43530305,43529712,"Has Module"
43530306,43529712,"Has Module"
43530307,43529712,"Has Module"
43530308,43529712,"Has Module"
43530309,43529712,"Has Module"
43530310,43529712,"Has Module"
43530311,43529712,"Has Module"
43530312,43529712,"Has Module"
43530313,43529712,"Has Module"
43530314,43529712,"Has Module"
43530315,43529712,"Has Module"
43530316,43529712,"Has Module"
43530317,43529712,"Has Module"
43530318,43529712,"Has Module"
43530319,43529712,"Has Module"
43530320,43529712,"Has Module"
43530321,43529712,"Has Module"
43530322,43529712,"Has Module"
43530323,43529712,"Has Module"
43530324,43529712,"Has Module"
43530325,43529712,"Has Module"
43530326,43529712,"Has Module"
43530327,43529712,"Has Module"
43530328,43529712,"Has Module"
43530329,43529712,"Has Module"
43530330,43529712,"Has Module"
43530331,43529712,"Has Module"
43530332,43529712,"Has Module"
43530334,43529712,"Has Module"
43530335,43529712,"Has Module"
43530336,43529712,"Has Module"
43530337,43529712,"Has Module"
43530338,43529712,"Has Module"
43530339,43529712,"Has Module"
43530340,43529712,"Has Module"
43530341,43529712,"Has Module"
43530342,43529712,"Has Module"
43530343,43529712,"Has Module"
43530344,43529712,"Has Module"
43530345,43529712,"Has Module"
43530346,43529712,"Has Module"
43530347,43529712,"Has Module"
43530348,43529712,"Has Module"
43530349,43529712,"Has Module"
43530350,43529712,"Has Module"
43530351,43529712,"Has Module"
43530352,43529712,"Has Module"
43530353,43529712,"Has Module"
43530354,43529712,"Has Module"
43530356,43529712,"Has Module"
43530357,43529712,"Has Module"
43530358,43529712,"Has Module"
43530359,43529712,"Has Module"
43530360,43529712,"Has Module"
43530361,43529712,"Has Module"
43530362,43529712,"Has Module"
43530363,43529712,"Has Module"
43530365,43529712,"Has Module"
43530366,43529712,"Has Module"
43530367,43529712,"Has Module"
43530368,43529712,"Has Module"
43530369,43529712,"Has Module"
43530370,43529712,"Has Module"
43530371,43529712,"Has Module"
43530372,43529712,"Has Module"
43530373,43529712,"Has Module"
43530374,43529712,"Has Module"
43530375,43529712,"Has Module"
43530377,43529712,"Has Module"
43530378,43529712,"Has Module"
43530379,43529712,"Has Module"
43530380,43529712,"Has Module"
43530381,43529712,"Has Module"
43530382,43529712,"Has Module"
43530383,43529712,"Has Module"
43530384,43529712,"Has Module"
43530385,43529712,"Has Module"
43530386,43529712,"Has Module"
43530387,43529712,"Has Module"
43530388,43529712,"Has Module"
43530390,43529712,"Has Module"
43530392,43529712,"Has Module"
43530393,43529712,"Has Module"
43530394,43529712,"Has Module"
43530395,43529712,"Has Module"
43530396,43529712,"Has Module"
43530397,43529712,"Has Module"
43530398,43529712,"Has Module"
43530399,43528895,"Has Module"
43530400,43528895,"Has Module"
43530401,43528895,"Has Module"
43530402,43528895,"Has Module"
43530403,43528895,"Has Module"
43530404,43528895,"Has Module"
43530405,43528895,"Has Module"
43530406,43528895,"Has Module"
43530407,43528895,"Has Module"
43530408,43528895,"Has Module"
43530409,43528895,"Has Module"
43530410,43528895,"Has Module"
43530411,43528895,"Has Module"
43530412,43528895,"Has Module"
43530413,43528895,"Has Module"
43530414,43529712,"Has Module"
43530415,43528895,"Has Module"
43530416,43528895,"Has Module"
43530417,43528895,"Has Module"
43530418,43528895,"Has Module"
43530437,43528895,"Has Module"
43530438,43528895,"Has Module"
43530439,43528895,"Has Module"
43530440,43529712,"Has Module"
43530441,43529712,"Has Module"
43530442,43529712,"Has Module"
43530443,43529712,"Has Module"
43530444,43529712,"Has Module"
43530445,43529712,"Has Module"
43530446,43529712,"Has Module"
43530447,43529712,"Has Module"
43530448,43529712,"Has Module"
43530449,43529712,"Has Module"
43530450,43529712,"Has Module"
43530451,43529712,"Has Module"
43530452,43529712,"Has Module"
43530453,43529712,"Has Module"
43530454,43529712,"Has Module"
43530455,43529712,"Has Module"
43530456,43529712,"Has Module"
43530457,43529712,"Has Module"
43530458,43529712,"Has Module"
43530459,43529712,"Has Module"
43530461,43529712,"Has Module"
43530462,43529712,"Has Module"
43530463,43529712,"Has Module"
43530464,43529712,"Has Module"
43530465,43529712,"Has Module"
43530466,43529712,"Has Module"
43530467,43529712,"Has Module"
43530468,43529712,"Has Module"
43530469,43529712,"Has Module"
43530470,43529712,"Has Module"
43530471,43529712,"Has Module"
43530472,43529712,"Has Module"
43530473,43529712,"Has Module"
43530474,43529712,"Has Module"
43530475,43529712,"Has Module"
43530476,43529712,"Has Module"
43530477,43529712,"Has Module"
43530478,43529712,"Has Module"
43530479,43529712,"Has Module"
43530480,43529712,"Has Module"
43530481,43529712,"Has Module"
43530482,43529712,"Has Module"
43530483,43529712,"Has Module"
43530484,43529712,"Has Module"
43530485,43529712,"Has Module"
43530486,43529712,"Has Module"
43530487,43529712,"Has Module"
43530488,43529712,"Has Module"
43530489,43529712,"Has Module"
43530491,43529712,"Has Module"
43530492,43529712,"Has Module"
43530493,43529712,"Has Module"
43530494,43529712,"Has Module"
43530495,43529712,"Has Module"
43530496,43529712,"Has Module"
43530497,43529712,"Has Module"
43530498,43529712,"Has Module"
43530499,43529712,"Has Module"
43530500,43529712,"Has Module"
43530501,43529712,"Has Module"
43530502,43529712,"Has Module"
43530503,43529712,"Has Module"
43530505,43529712,"Has Module"
43530506,43529712,"Has Module"
43530507,43529712,"Has Module"
43530508,43529712,"Has Module"
43530509,43529712,"Has Module"
43530510,43529712,"Has Module"
43530511,43529712,"Has Module"
43530512,43529712,"Has Module"
43530514,43529712,"Has Module"
43530515,43529712,"Has Module"
43530516,43529712,"Has Module"
43530517,43529712,"Has Module"
43530518,43529712,"Has Module"
43530519,43529712,"Has Module"
43530520,43529712,"Has Module"
43530521,43529712,"Has Module"
43530523,43529712,"Has Module"
43530524,43529712,"Has Module"
43530525,43529712,"Has Module"
43530526,43529712,"Has Module"
43530527,43529712,"Has Module"
43530528,43529712,"Has Module"
43530529,43529712,"Has Module"
43530530,43529712,"Has Module"
43530531,43529712,"Has Module"
43530532,43529712,"Has Module"
43530533,43529712,"Has Module"
43530536,43529712,"Has Module"
43530537,43529712,"Has Module"
43530538,43529712,"Has Module"
43530539,43529712,"Has Module"
43530540,43529712,"Has Module"
43530541,43529712,"Has Module"
43530542,43529712,"Has Module"
43530543,43529712,"Has Module"
43530544,43529712,"Has Module"
43530545,43529712,"Has Module"
43530546,43529712,"Has Module"
43530548,43529712,"Has Module"
43530550,43529712,"Has Module"
43530551,43529712,"Has Module"
43530552,43529712,"Has Module"
43530553,43529712,"Has Module"
43530554,43529712,"Has Module"
43530555,43529712,"Has Module"
43530556,43529712,"Has Module"
43530557,43528895,"Has Module"
43530558,43528895,"Has Module"
43530559,43528895,"Has Module"
43530562,43528895,"Has Module"
43530563,43528698,"Has Module"
43530583,43528895,"Has Module"
43530584,43528895,"Has Module"
43530585,43528895,"Has Module"
43530588,43528895,"Has Module"
43530589,43528895,"Has Module"
43530590,43528895,"Has Module"
43530591,43528895,"Has Module"
43530592,43528895,"Has Module"
43530593,43528895,"Has Module"
43530594,43528895,"Has Module"
43530595,43528895,"Has Module"
43530635,43529712,"Has Module"
43530639,43529712,"Has Module"
43530654,43529712,"Has Module"
43530673,43528698,"Has Module"
43530735,43529712,"Has Module"
43531138,43529712,"Has Module"
43531618,43529712,"Has Module"
44782686,43529712,"Has Module"
44782750,43528698,"Has Module"
44782776,43529712,"Has Module"
44783023,43528698,"Has Module"
44783401,43529712,"Has Module"
44784292,1585710,"Has Module"
44784441,43529712,"Has Module"
44802648,43529712,"Has Module"
44804507,43528698,"Has Module"
44804658,43528698,"Has Module"
44805490,43529712,"Has Module"
44809929,43528698,"Has Module"
44810288,43528698,"Has Module"
44811032,43529712,"Has Module"
45757369,43529712,"Has Module"
45757492,1585710,"Has Module"
45763739,43529712,"Has Module"
45763741,43529712,"Has Module"
45770633,43528698,"Has Module"
46235933,1586134,"Has Module"
46269913,43528698,"Has Module"
46269959,43529712,"Has Module"
46269972,43529712,"Has Module"
46269974,43529712,"Has Module"
46269986,43529712,"Has Module"
46269987,43529712,"Has Module"
46269999,43529712,"Has Module"
46270006,43528698,"Has Module"
46270007,43528698,"Has Module"
46270011,43529712,"Has Module"
46270091,43529712,"Has Module"
46270130,43528698,"Has Module"
46270135,43528698,"Has Module"
46270149,43529712,"Has Module"
46270150,43529712,"Has Module"
46270363,43529712,"Has Module"
46270375,43529712,"Has Module"
46270487,43529712,"Has Module"
46270560,43529712,"Has Module"
46270598,43529712,"Has Module"
46270600,43529712,"Has Module"
46270605,43529712,"Has Module"
46270610,43529712,"Has Module"
46270611,43529712,"Has Module"
46270612,43529712,"Has Module"
46270613,43529712,"Has Module"
46270614,43529712,"Has Module"
46270659,43529712,"Has Module"
46270748,43529712,"Has Module"
46273150,43528698,"Has Module"
46273375,43529712,"Has Module"
46273376,43529712,"Has Module"
46273393,43529712,"Has Module"
46273407,43529712,"Has Module"
46273408,43529712,"Has Module"
46273432,43529712,"Has Module"
46273433,43529712,"Has Module"
46273445,43529712,"Has Module"
46273482,43529712,"Has Module"
46273490,43528698,"Has Module"
46273496,43529712,"Has Module"
46273633,43529712,"Has Module"
46273665,43529712,"Has Module"
46273742,43529712,"Has Module"
46273804,43529712,"Has Module"
46274011,43529712,"Has Module"
46274019,43529712,"Has Module"
46274040,43529712,"Has Module"
